text,generated
"In the face of urban challenges like traffic congestion and environmental degradation, the concept of car-free cities emerges as a beacon of hope for a more sustainable future. By limiting car usage, cities can unlock a multitude of advantages that extend beyond personal convenience to encompass environmental, health, and economic benefits. This essay will delve into the crucial advantages of transitioning to car-free urban spaces, drawing upon insights from various sources.

First and foremost, limiting car usage significantly contributes to the reduction of air pollution, a persistent issue in urban areas. According to a report from the Environmental Protection Agency, cars emit harmful pollutants such as carbon monoxide and nitrogen oxides, directly impacting air quality. By promoting alternative modes of transportation such as cycling, walking, and public transit, we can curtail these emissions, fostering cleaner and healthier air for citizens. This not only mitigates the health risks associated with air pollution but also aligns with the global push for sustainable practices.

Another compelling advantage of car-free cities is the alleviation of traffic congestion, a problem that plagues urban infrastructure. Research from the Urban Mobility Report highlights that excessive traffic not only leads to longer commute times but also hinders economic efficiency. Limiting car usage through the implementation of comprehensive public transit systems and the promotion of cycling and walking can unclog city streets, facilitating smoother transportation of goods and services. This, in turn, enhances the overall quality of life for residents and promotes economic growth.

Furthermore, embracing car-free initiatives positively impacts public health by encouraging a more active lifestyle. Studies conducted by the World Health Organization emphasize the importance of physical activity in preventing chronic diseases. Limiting car usage promotes walking and cycling, contributing to healthier lifestyles and reducing the prevalence of sedentary behaviors. In conjunction with the environmental benefits, these health advantages present a compelling case for reshaping urban environments to prioritize sustainable transportation.

Successful implementations of car-free initiatives in cities worldwide serve as inspirational models for change. European cities like Copenhagen and Amsterdam have effectively integrated cycling infrastructure and efficient public transit, resulting in improved air quality, reduced traffic congestion, and healthier, happier communities. These success stories underscore the feasibility and desirability of transitioning towards car-free urban spaces.

In conclusion, limiting car usage in cities is not merely an idealistic vision but a pragmatic step towards a sustainable and livable urban future. The advantages of reduced air pollution, traffic congestion alleviation, improved public health, and successful role models from other cities collectively form a compelling argument for embracing car-free initiatives. As responsible citizens, we should actively support and participate in efforts to reshape our urban landscapes, ensuring a cleaner, healthier, and more sustainable environment for generations to come.",1
"In the heart of our bustling urban landscapes, the idea of transitioning to car-free cities is gaining momentum as a transformative solution to address pressing challenges. By reevaluating our reliance on cars, we can unlock numerous advantages that extend far beyond mere convenience, ushering in a new era of sustainability and improved living standards. This essay explores the multifaceted benefits of limiting car usage, drawing insights from diverse sources to paint a comprehensive picture of the potential advantages.

One of the primary advantages of reducing car usage lies in the significant decrease in air pollution, a critical environmental concern. Studies from the World Health Organization indicate that vehicular emissions contribute substantially to air pollutants, adversely affecting both air quality and public health. By limiting car usage and encouraging alternative modes of transportation such as walking, cycling, and public transit, we can substantially mitigate these emissions. Cleaner air not only translates to better respiratory health for citizens but also contributes to a greener, more sustainable urban environment.

Beyond environmental considerations, limiting car usage has a profound impact on the alleviation of traffic congestion, a persistent challenge in densely populated cities. Research conducted by urban planning experts highlights the correlation between excessive car usage and prolonged commute times. By embracing car-free initiatives and investing in efficient public transit systems, cities can unclog congested arteries, reducing commute times and enhancing overall transportation efficiency. This not only improves the daily lives of residents but also bolsters economic productivity by streamlining the movement of goods and services.

A less obvious yet equally significant advantage of limiting car usage is the positive impact on public health. The American Heart Association emphasizes the importance of physical activity in combating sedentary lifestyles and preventing chronic diseases. Restructuring urban environments to prioritize walking and cycling not only reduces air pollution but also promotes healthier, more active lifestyles among citizens. The long-term health benefits of such a shift are invaluable, presenting a compelling argument for the adoption of car-free initiatives.

Success stories from cities that have embraced car-free concepts provide real-world evidence of the transformative power of such initiatives. For instance, Bogotá, Colombia, implemented the famous Ciclovía program, which closes major streets to cars every Sunday, encouraging citizens to engage in physical activities. This initiative has not only reduced air pollution but has also fostered a sense of community and improved overall well-being.

In conclusion, limiting car usage in cities is not a mere trend but a strategic imperative for a sustainable and prosperous urban future. The advantages of cleaner air, reduced traffic congestion, and improved public health underscore the need for a paradigm shift in our approach to transportation. By learning from successful implementations in other cities and collectively embracing car-free initiatives, we can chart a course toward a more sustainable and livable urban environment for generations to come.",1
"In our ever-expanding cities, the call to limit car usage emerges as a transformative strategy to combat environmental and logistical challenges. This essay explores the advantages of reducing our reliance on cars, drawing insights from various sources to illuminate the potential benefits.

One crucial advantage of limiting car usage is the substantial reduction in air pollution. Vehicular emissions contribute significantly to poor air quality and related health issues. Encouraging alternative transportation methods, such as cycling and walking, can significantly decrease these emissions, creating cleaner and healthier urban air.

Additionally, reducing car usage addresses the persistent issue of traffic congestion. By investing in efficient public transit and promoting alternative modes of transport, cities can alleviate congestion, leading to smoother transportation of goods and services and improved overall efficiency.

A less apparent but equally important benefit is the positive impact on public health. Prioritizing walking and cycling not only reduces air pollution but also encourages a more active lifestyle, contributing to long-term health improvements for citizens.

Successful implementations of car-free initiatives in cities worldwide, such as Bogotá's Ciclovía program, serve as inspiring examples of the positive transformations such initiatives can bring.

In conclusion, limiting car usage in cities is a strategic step toward a more sustainable and livable urban future. Cleaner air, reduced traffic congestion, and improved public health underscore the necessity of embracing car-free initiatives for the well-being of our cities and their inhabitants.",1
"In the bustling heartbeat of our cities, limiting car usage emerges as a powerful catalyst for positive change. This essay explores key advantages derived from reducing our reliance on cars, shaping a more sustainable and vibrant urban lifestyle.

A paramount advantage of curbing car usage is the marked reduction in air pollution. Embracing alternative transportation modes, such as cycling and walking, offers a tangible solution to the environmental toll exacted by vehicular emissions, resulting in cleaner, healthier urban air.

Moreover, the ripple effect of reducing car dependency extends to tackling the perpetual issue of traffic congestion. By embracing car-free initiatives and enhancing public transit options, cities can streamline transportation, reducing commute times and bolstering overall efficiency.

An often overlooked but significant benefit is the positive impact on public health. Encouraging more active modes of transportation not only addresses environmental concerns but also fosters healthier lifestyles among citizens, contributing to a long-term improvement in overall well-being.

Cities globally, inspired by successful initiatives like Bogotá's Ciclovía program, highlight the tangible positive transformations that can be achieved by prioritizing alternative transportation methods.",1
"In the ever-evolving urban landscape, the prospect of reducing car usage emerges as a key strategy for overcoming challenges and forging a sustainable future. This essay explores the pivotal advantages associated with minimizing our reliance on cars, drawing insights from diverse sources to illuminate the transformative potential.

A primary advantage of limiting car usage lies in the substantial reduction of air pollution. Vehicular emissions contribute significantly to compromised air quality and associated health risks. Promoting alternative transportation methods, such as biking and walking, becomes a viable solution to mitigate emissions and foster a healthier urban environment.

Simultaneously, addressing the chronic issue of traffic congestion stands out as a compelling benefit. By embracing car-free initiatives and investing in efficient public transit, cities can untangle traffic snarls, enhancing overall mobility, and improving economic efficiency.

An often-underestimated advantage is the positive impact on public health. Encouraging active transportation not only reduces exposure to air pollutants but also promotes healthier lifestyle choices among citizens, addressing the growing concern of sedentary living.

Drawing inspiration from successful initiatives globally, such as Amsterdam's cycling-friendly infrastructure, exemplifies how transformative change can redefine urban living positively.

In conclusion, limiting car usage in cities is an essential step toward crafting a sustainable and resilient urban future. Cleaner air, reduced congestion, and enhanced public health underscore the transformative potential of steering our cities towards a more harmonious and vibrant coexistence.",1
"I hope this letter finds you well. As a concerned citizen, I am writing to express my thoughts on the current debate surrounding the Electoral College and its efficacy in the presidential election process. The question of whether to keep the Electoral College or transition to a popular vote system is a complex and contentious issue, and I believe it warrants careful consideration.

One argument in favor of maintaining the Electoral College is its role in preserving the federal nature of our republic. The Founding Fathers designed this system to ensure that both large and small states have a voice in the selection of the president. This safeguards against a scenario where candidates could exclusively focus on densely populated urban areas, potentially neglecting the concerns and needs of citizens in less populous regions. By preserving the Electoral College, we uphold a system that encourages candidates to address the diverse interests of citizens across the entire nation.

While some critics argue that the Electoral College may lead to outcomes where the winner of the popular vote does not secure the presidency, it's crucial to consider the counterargument that this system prevents a concentration of power in densely populated regions. Without the Electoral College, candidates might focus solely on the issues pertinent to highly populated urban centers, potentially overlooking the unique challenges faced by rural communities. This system, therefore, acts as a check against the tyranny of the majority, ensuring a more balanced representation of diverse perspectives.

Furthermore, historical evidence supports the argument that the Electoral College has played a role in stabilizing the American political system. The preservation of this system over centuries suggests a certain resilience and adaptability, withstanding the test of time and maintaining its relevance in a changing political landscape. Transitioning to a popular vote system could introduce uncertainties and unintended consequences that may disrupt the stability that the Electoral College has historically provided.

In conclusion, while the question of whether the Electoral College works is complex, there are compelling arguments in favor of maintaining it. The system's role in preserving federalism, preventing the undue concentration of power, and its historical stability are crucial factors that should be weighed against the push for a popular vote system. I urge you to consider these points as you engage in the ongoing discussions and decisions regarding the future of our electoral process.

Thank you for your time and attention to this important matter.

Sincerely,",1
"I trust this letter finds you in good health. I am writing to express my support for maintaining the Electoral College in the presidential election process.

The Electoral College serves as a vital safeguard to ensure that the voices of citizens from all states, regardless of size, are considered in electing the president. This system prevents candidates from focusing exclusively on densely populated urban areas, encouraging a more balanced representation of diverse interests.

Critics argue that the Electoral College may result in the popular vote winner losing the election, but it serves as a check against the potential tyranny of the majority. Without it, candidates might neglect the concerns of citizens in less populous regions, leading to an imbalance in representation.

Historically, the Electoral College has provided stability to the American political system, adapting to changes over time. Transitioning to a popular vote system may introduce uncertainties and disrupt the balance that the Electoral College has historically maintained.

I encourage you to consider these points as you contribute to the ongoing discussions on the future of our electoral process. Thank you for your attention to this matter.

Sincerely,",1
"I am writing to express my support for retaining the Electoral College in the presidential election process.

The Electoral College ensures that candidates address the diverse needs of citizens across the entire nation, preventing a focus solely on densely populated areas. It acts as a crucial check against the potential tyranny of the majority, maintaining a balanced representation of varied perspectives.

Historically, the Electoral College has provided stability to our political system, adapting to changes over time. Transitioning to a popular vote system may introduce uncertainties and disrupt this historical stability.

I trust you will consider these points as discussions on the future of our electoral process continue. Thank you for your attention to this matter.

Sincerely,",1
"I am writing to express my support for the Electoral College in our presidential election process.

The Electoral College ensures that candidates consider the needs of citizens nationwide, preventing a focus solely on densely populated areas. It acts as a check against the potential tyranny of the majority, maintaining balanced representation.

Historically, the Electoral College has provided stability to our political system. I trust you will consider these points as discussions on the future of our electoral process continue.",1
"I hope this letter finds you well and thriving in your responsibilities as our esteemed representative. I am writing to share my perspective on the ongoing debate surrounding the Electoral College and its continued relevance in the election of the President of the United States.

In contemplating the question of whether the Electoral College works, it is essential to recognize the principles upon which our Founding Fathers established this system. The Electoral College was conceived as a means to strike a delicate balance between the interests of large and small states, ensuring that the voices of citizens from all corners of our diverse nation are considered in the election process. This intentional design prevents candidates from disproportionately focusing on densely populated urban areas, allowing for a more nuanced and equitable representation of the diverse concerns and priorities of our citizenry.

Critics often raise the concern that the Electoral College may lead to instances where the candidate who wins the popular vote does not secure the presidency. While this is a valid concern, it is equally crucial to consider the counterargument that the Electoral College serves as a crucial check against the tyranny of the majority. Without this system, candidates might concentrate their efforts on populous urban centers, potentially neglecting the unique challenges faced by rural communities. In essence, the Electoral College acts as a safeguard against the concentration of power and ensures a more balanced representation of the diverse perspectives that characterize our nation.

Moreover, the historical stability of the Electoral College adds weight to its merits. This system has withstood the test of time, adapting to the evolving dynamics of American politics. It has played a vital role in fostering a stable and orderly transfer of power, contributing to the resilience of our democratic institutions. Transitioning to a popular vote system, while seemingly straightforward, introduces complexities and uncertainties that could potentially disrupt the historical stability provided by the Electoral College.

In conclusion, while the question of whether the Electoral College works is nuanced, its advantages in preserving federalism, preventing the undue concentration of power, and maintaining historical stability are compelling. As discussions surrounding potential reforms continue, I urge you to consider these aspects carefully and advocate for a system that ensures a fair and representative election process for the citizens you serve.

Thank you for your time and dedication to the well-being of our great nation.",1
